code,hold_name,best,best_name,te,ratio,n,name_agree
1,Aditya Birla SL Equity Hybrid '95 Fund (G),150797,WhiteOak Capital Large Cap Fund Direct Plan Growth,0.00666,1.09,151,False
10070,Bandhan ELSS Tax Saver Fund (G),118473,BANDHAN ELSS Tax Saver Fund - Direct Plan - Growth,0.00532,1.84,151,True
10154,Quantum ELSS Tax Saver Fund - Direct (G),111549,Quantum ELSS Tax Saver Fund - Direct Plan Growth Option,0.00588,1.07,151,True
10163,Bank of India ELSS Tax Saver (G),119351,BANK OF INDIA ELSS Tax Saver -Direct Plan- Growth,0.00533,2.22,151,True
10207,Edelweiss ELSS Tax Saver Fund (G),118620,Edelweiss ELSS Tax Saver Fund - Direct Plan-Growth Option,0.00528,1.35,151,True
10249,Bank of India Conservative Hybrid Fund (G),148980,BANK OF INDIA Large Cap Fund Direct Plan Growth,0.0142,1.18,151,True
1027,Sundaram Equity Savings Fund (G),149570,Sundaram ELSS Tax Saver Fund Direct Plan Growth,0.00826,1.15,113,False
10291,Canara Robeco ELSS Tax Saver (IDCW),118285,CANARA ROBECO ELSS TAX SAVER - DIRECT PLAN - GROWTH OPTION,0.00374,2.25,151,True
10310,Taurus Ethical Fund - (G),118876,Taurus Ethical Fund - Direct Plan - Growth,0.00441,3.4,151,True
10452,ICICI Pru Focused Equity Fund (G),120722,ICICI Prudential Focused Equity Fund - Direct Plan - Growth,0.00561,1.59,151,True
10494,Edelweiss Large Cap Fund (G),118617,Edelweiss Large Cap Fund - Direct Plan-Growth option,0.00626,1.14,151,True
10630,Franklin Build India Fund (G),118557,Franklin Build India Fund - Direct - Growth,0.00427,3.28,151,True
1064,Sundaram Mid Cap Fund - (G),119581,Sundaram Mid Cap Fund Direct Plan - Growth,0.00281,4.27,151,True
10642,Invesco India Largecap Fund (G),120392,Invesco India Largecap Fund - Direct Plan - Growth,0.00296,2.89,151,True
10659,Kotak Flexi Cap Fund (G),120166,Kotak Flexicap Fund - Growth - Direct,0.00303,2.91,151,False
10661,Canara Robeco Consumer Trends Fund (G),118273,CANARA ROBECO CONSUMPTION FUND - DIRECT PLAN - GROWTH OPTION,0.00423,2.86,151,True
10666,Edelweiss Balanced Advantage Fund (G),150187,BARODA BNP PARIBAS LARGE CAP Fund - Direct Plan - Growth Option,0.00868,1.03,151,False
10668,SBI Small Cap Fund (G),125497,SBI Small Cap Fund - Direct Plan - Growth,0.00655,1.95,151,True
10674,Edelweiss Aggressive Hybrid Fund - Plan A (G),150187,BARODA BNP PARIBAS LARGE CAP Fund - Direct Plan - Growth Option,0.0089,1.07,151,False
10769,Invesco India PSU Equity Fund (G),120395,Invesco India PSU Equity Fund - Direct Plan - Growth,0.00394,5.49,151,True
10869,AXIS Large Cap Fund (G),120465,Axis Large Cap Fund - Direct Plan - Growth,0.00585,1.6,151,True
10876,HSBC Value Fund (G),151113,HSBC Value Fund - Direct Growth,0.00139,8.8,151,True
10915,AXIS ELSS Tax Saver Fund (G),120503,Axis ELSS Tax Saver Fund - Direct Plan - Growth Option,0.00242,5.16,151,True
10941,Bandhan Conservative Hybrid Fund (G),120656,UTI Large Cap Fund - Direct Plan - Growth Option,0.0185,1.02,151,False
10958,Bank of India Manufacturing & Infrastr Fund (G),119364,BANK OF INDIA Manufacturing & Infrastructure Fund-Direct Plan-Growth,0.00578,2.22,151,True
10968,Sundaram Conservative Hybrid Fund (G),148507,Sundaram Large Cap Fund (Formerly Known as Sundaram Blue Chip Fund)Direct Plan - Growth,0.00821,1.05,147,False
110,HDFC Large and Mid Cap Fund (G),130498,HDFC Large and Mid Cap Fund - Growth Option - Direct Plan,0.00479,1.59,151,True
1104,Aditya Birla SL Large Cap Fund (G),119528,Aditya Birla Sun Life Large Cap Fund - Growth - Direct Plan,0.00301,2.19,151,True
112,ICICI Pru Large & Mid Cap Fund - (G),120596,ICICI Prudential Large & Mid Cap Fund - Direct Plan - Growth,0.00388,3.17,151,True
1126,Aditya Birla SL Midcap Fund - (G),119620,Aditya Birla Sun Life Midcap Fund - Growth - Direct Plan,0.00459,2.75,151,True
11260,DSP Focused Fund - Regular (G),119096,DSP Focused Fund - Direct Plan - Growth,0.00424,3.27,151,True
11282,SBI PSU Fund (G),119732,SBI PSU Fund - DIRECT PLAN - GROWTH,0.00587,2.63,151,True
11289,AXIS Conservative Hybrid Fund (G),151471,NAVI ELSS TAX SAVER NIFTY 50 INDEX FUND - DIRECT PLAN GROWTH,0.00963,1.05,151,False
11293,Mirae Asset Large & Midcap Fund - Regular (G),118834,Mirae Asset Large & Midcap Fund - Direct Plan - Growth,0.00244,3.08,151,True
11349,Navi Conservative Hybrid Fund (G),135654,Navi ELSS Tax Saver Fund- Direct Plan- Growth Option,0.01511,1.01,136,False
11406,AXIS Multi Asset Allocation Fund - Regular (G),150571,Sundaram Flexicap Fund Direct Growth,0.01011,1.1,151,False
11436,Canara Robeco Large Cap Fund (G),118269,CANARA ROBECO LARGE CAP FUND - DIRECT PLAN - GROWTH OPTION,0.00343,1.81,151,True
11524,Nippon India Small Cap Fund (G),118778,Nippon India Small Cap Fund - Direct Plan Growth Plan - Growth Option,0.00509,1.0,151,True
1156,ICICI Pru Multi-Asset Fund (G),120596,ICICI Prudential Large & Mid Cap Fund - Direct Plan - Growth,0.0121,1.07,151,False
1169,Canara Robeco Conservative Hybrid Fund (G),148883,Canara Robeco Focused Fund - Direct Plan - Growth Option,0.00887,1.19,151,True
1179,HSBC Large Cap Fund (G),120030,HSBC Large Cap Fund - Direct Growth,0.00273,3.0,151,True
118,ICICI Pru Multicap Fund - (G),120599,ICICI Prudential Multicap Fund - Direct Plan -  Growth,0.00444,2.18,151,True
11874,Sundaram Balanced Advantage Fund (G),150797,WhiteOak Capital Large Cap Fund Direct Plan Growth,0.0066,1.29,151,False
119,ICICI Pru ELSS Tax Saver Fund - (G),120592,ICICI Prudential ELSS Tax Saver Fund - Direct Plan - Growth,0.00302,3.24,151,True
12049,HSBC Aggressive Hybrid Fund (G),146772,HSBC Large & Mid Cap Fund - Direct Growth,0.01139,1.05,151,False
12051,HSBC Balanced Advantage Fund (G),152071,WhiteOak Capital Multi Cap Fund Direct Plan Growth,0.01169,1.0,151,False
1206,PGIM India Large Cap Fund (G),138312,PGIM India Large Cap Fund - Direct Plan - Growth,0.00519,1.61,151,True
121,Nippon India Growth Mid Cap Fund - (G),118668,Nippon India Growth Mid Cap Fund - Direct Plan Growth Plan - Growth Option,0.0037,1.0,151,True
12106,AXIS Midcap Fund (G),120505,Axis Midcap Fund - Direct Plan - Growth,0.00721,1.56,151,True
1212,Aditya Birla SL Dividend Yield Fund (G),152045,Mahindra Manulife Business Cycle Fund - Direct Plan - Growth,0.01343,1.18,151,False
12171,Bandhan Infrastructure Fund (G),118469,BANDHAN Infrastructure Fund-Direct Plan-Growth,0.004,4.34,151,True
12173,LIC MF Equity Savings Fund - Regular (G),151368,Axis Business Cycles Fund - Direct Plan - Growth,0.0127,1.11,151,False
1223,Kotak Large Cap Fund (IDCW),120152,Kotak Large Cap  Fund - Growth - Direct,0.00237,3.07,150,True
1227,DSP Large Cap Fund - Regular (G),119250,DSP Large Cap Fund - Direct Plan - Growth,0.00356,2.84,151,True
12421,Mirae Asset Great Consumer Fund (G),150266,BARODA BNP PARIBAS India Consumption Fund - Direct Plan - Growth Option,0.00993,1.16,151,False
126,Nippon India Vision Large & Mid Cap Fund - (G),118675,Nippon India Vision Large & Mid Cap Fund - Direct Plan Growth Plan - Bonus Option,0.00239,1.01,151,True
12741,Union Flexi Cap Fund (G),150346,WhiteOak Capital Flexi Cap Fund Direct Plan-Growth,0.00708,1.08,150,True
13358,HSBC Equity Savings Fund (G),151078,HSBC ELSS Tax saver Fund - Direct Growth,0.01479,1.09,151,False
13420,Tata Retirement Savings Fund - Progressive (G),151824,Canara Robeco Multi Cap Fund - Direct Plan - Growth Option,0.00786,1.4,151,False
13421,Tata Retirement Savings Fund - Moderate (G),151824,Canara Robeco Multi Cap Fund - Direct Plan - Growth Option,0.00811,1.29,151,False
13422,Tata Retirement Savings Fund - Conservative (G),151824,Canara Robeco Multi Cap Fund - Direct Plan - Growth Option,0.00661,1.55,151,False
13528,Union ELSS Tax Saver Fund - Regular (G),119307,Union ELSS Tax Saver Fund - Direct Plan - Growth Option,0.00329,2.11,150,True
1363,UTI-Master Equity Plan Unit Scheme,151471,NAVI ELSS TAX SAVER NIFTY 50 INDEX FUND - DIRECT PLAN GROWTH,0.00757,1.01,151,False
1377,Nippon India Banking&Financial Services (G),118588,Nippon India Banking & Financial Services Fund - Direct Plan Growth Plan - Bonus Option,0.00359,1.0,151,True
14011,Groww Large Cap Fund (G),119133,Groww Largecap Fund (formerly known as Indiabulls Blue Chip Fund) - Direct Plan - Growth Option,0.00579,1.56,151,False
14756,Taurus Banking & Financial Services Fund (G),118868,Taurus Banking & Financial Services Fund - Direct Plan - Growth,0.00544,1.88,151,True
148,Tata Aggressive Hybrid Fund - Regular (G),150797,WhiteOak Capital Large Cap Fund Direct Plan Growth,0.00952,1.02,151,False
1487,Baroda BNP Paribas Multi Cap Fund-Reg (G),119354,Baroda BNP Paribas MULTI CAP FUND - Direct Plan - Growth Option,0.0045,2.11,151,True
1491,Canara Robeco Flexi Cap Fund (G),118275,CANARA ROBECO FLEXICAP FUND - DIRECT PLAN - GROWTH OPTION,0.00329,2.01,151,True
14984,Baroda BNP Paribas Banking&Fin Serv Fund-Reg (G),119333,Baroda BNP Paribas Banking and Financial Services Fund - Direct - Growth Option,0.00625,1.52,151,True
14988,AXIS Focused Fund - Regular (G),120468,Axis Focused Fund - Direct Plan - Growth Option,0.00446,3.07,151,True
1508,Tata Equity Saving Fund - (App),151165,360 ONE ELSS Tax Saver Nifty 50 Index Fund - Direct Plan - Growth,0.01183,1.03,151,False
1509,Templeton India Value Fund - (G),118494,Templeton India Value Fund - Direct - Growth,0.00512,2.6,151,True
151,Tata Ethical Fund - (G),119172,Tata Ethical Fund -Direct Plan- Growth Option,0.00349,3.61,151,True
153,Tata Large Cap Fund - Regular (G),119160,Tata Large Cap Fund -Direct Plan Growth Option,0.00266,3.28,151,True
155,Taurus Mid Cap Fund (G),118872,Taurus Mid Cap Fund - Direct Plan - Growth,0.0059,2.79,151,True
1553,Kotak Debt Hybrid Fund (G),149185,Kotak Multicap Fund-Direct Plan-Growth,0.00951,1.31,151,False
15656,SBI Consumption Opportunities Fund (G),120575,SBI CONSUMPTION OPPORTUNITIES FUND - DIRECT PLAN - GROWTH,0.0052,2.73,151,True
15657,SBI Technology Opportunities Fund (G),120578,SBI TECHNOLOGY OPPORTUNITIES FUND - DIRECT PLAN - GROWTH,0.00937,1.35,151,True
158,Taurus ELSS Tax Saver Fund (G),118866,Taurus ELSS Tax Saver Fund - Direct Plan - Growth,0.00533,2.54,151,True
1599,HDFC Hybrid Debt Fund (G),151755,Baroda BNP Paribas Value Fund - Direct Plan - Growth option,0.00816,1.62,151,False
1615,UTI-Conservative Hybrid Fund - (G),120662,UTI - Flexi Cap Fund-Growth Option - Direct,0.0102,1.03,151,False
1646,Nippon India Conservative Hybrid Fund (G),151165,360 ONE ELSS Tax Saver Nifty 50 Index Fund - Direct Plan - Growth,0.00301,1.02,151,False
1726,PGIM India Aggressive Hybrid Equity Fund (G),150571,Sundaram Flexicap Fund Direct Growth,0.00976,1.1,151,False
1728,PGIM India Equity Savings Fund (G),151165,360 ONE ELSS Tax Saver Nifty 50 Index Fund - Direct Plan - Growth,0.01338,1.03,147,False
1739,HSBC Flexi Cap Fund (G),120046,HSBC Flexi Cap Fund - Direct Growth,0.00415,2.3,151,True
1763,ICICI Pru Regular Savings Fund (G),150571,Sundaram Flexicap Fund Direct Growth,0.01001,1.02,151,False
1801,HSBC Conservative Hybrid Fund (G),146772,HSBC Large & Mid Cap Fund - Direct Growth,0.01574,1.13,151,False
1833,UTI-Children's Equity Fund - (G),120715,UTI ELSS Tax Saver Fund - Direct Plan - Growth Option,0.00818,1.21,151,False
1855,Tata Mid Cap Fund - (G),119178,Tata Mid Cap Fund - Direct Plan- Growth Option,0.00389,2.96,151,True
19,Aditya Birla SL Digital India Fund (G),120539,Aditya Birla Sun Life Digital India Fund - Growth - Direct Plan,0.00551,2.01,151,True
190,UTI-Aggressive Hybrid Fund (G),150187,BARODA BNP PARIBAS LARGE CAP Fund - Direct Plan - Growth Option,0.00914,1.01,151,False
19233,Motilal Oswal Focused Fund (G),122389,Motilal Oswal Focused Fund - Direct Plan Growth Option,0.00387,5.03,150,True
1926,Nippon India Power & Infra Fund (G),118763,Nippon India Power & Infra Fund - Direct Plan Growth Plan - Growth Option,0.00343,1.0,151,True
19283,Parag Parikh Flexi Cap Fund - Regular (G),151412,Mirae Asset Flexi Cap Fund - Direct Plan - Growth,0.01413,1.02,149,True
1948,Nippon India Pharma Fund (G),118758,Nippon India Pharma Fund - Direct Plan Growth Plan - Bonus Option,0.0023,1.0,151,True
1958,DSP India T.I.G.E.R. Fund (G),119247,DSP India T.I.G.E.R. Fund - Direct Plan - Growth,0.00467,2.67,151,True
1961,Tata Value Fund - (G),119231,Tata Value Fund -Direct Plan Growth Option,0.00518,2.22,151,True
1968,Aditya Birla SL Regular Savings Fund (G),150797,WhiteOak Capital Large Cap Fund Direct Plan Growth,0.00967,1.02,151,False
2011,DSP Regular Savings Fund (G),150571,Sundaram Flexicap Fund Direct Growth,0.01144,1.04,151,False
2019,HSBC Midcap Fund (G),151036,HSBC Midcap Fund - Direct Growth,0.00219,6.69,151,True
204,HDFC Flexi Cap Fund - (G),118955,HDFC Flexi Cap Fund - Growth Option - Direct Plan,0.00304,3.08,151,True
2045,ICICI Pru Value Fund (G),120323,ICICI Prudential Value Fund (erstwhile Value Discovery Fund) - Direct Plan - Growth,0.00513,2.14,151,True
2067,Baroda BNP Paribas Large Cap Fund - Regular (G),150187,BARODA BNP PARIBAS LARGE CAP Fund - Direct Plan - Growth Option,0.00284,3.18,151,True
2069,Baroda BNP Paribas Conservative Hybrid Fund-Reg (G),150387,Baroda BNP Paribas Flexi Cap Fund - Direct Plan - Growth Option,0.00803,1.08,151,True
2086,Kotak Large & Midcap Fund (G),120158,Kotak Large & Midcap Fund - Direct- Growth,0.00284,2.83,151,True
211,JM Large Cap Fund - (G),150187,BARODA BNP PARIBAS LARGE CAP Fund - Direct Plan - Growth Option,0.00982,1.06,147,True
2119,HDFC Focused Fund - Regular (G),118950,HDFC Focused Fund - Growth Option - Direct Plan,0.00635,1.41,151,True
2120,HDFC Equity Savings Fund (G),150187,BARODA BNP PARIBAS LARGE CAP Fund - Direct Plan - Growth Option,0.00836,1.11,151,False
213,JM Aggressive Hybrid Fund - (G),151290,HSBC Multi Cap Fund - Direct - Growth,0.01632,1.03,147,False
2147,ICICI Pru MidCap Fund (G),120381,ICICI Prudential MidCap Fund - Direct Plan -  Growth,0.00555,2.6,151,True
2149,Sundaram Dividend Yield Fund (G),151755,Baroda BNP Paribas Value Fund - Direct Plan - Growth option,0.00769,1.33,151,False
2186,SBI Focused Fund (G),119727,SBI FOCUSED FUND - DIRECT PLAN -GROWTH,0.00818,1.88,151,True
2202,Nippon India Consumption Fund (G),118722,Nippon India Consumption Fund - Direct Plan Growth Plan - Bonus,0.00413,1.0,151,True
223,JM Value Fund (G),120486,JM Value Fund (Direct) - Growth Option,0.00596,2.45,151,True
22323,AXIS Small Cap Fund (G),125354,Axis Small Cap Fund - Direct Plan - Growth,0.00898,1.35,143,True
22370,PGIM India Midcap Fund (G),125307,PGIM India Midcap Fund - Direct Plan - Growth Option,0.00818,1.49,143,True
22425,Aditya Birla SL Banking&Financial Services (G),125597,Aditya Birla Sun Life Banking and Financial Services Fund - Direct Plan - Growth,0.00444,2.52,143,True
22606,Shriram Aggressive Hybrid Fund - Regular (G),144905,Shriram Flexi Cap Fund - Direct Growth,0.01289,1.01,144,False
2269,Nippon India Balanced Advantage Fund (G),150187,BARODA BNP PARIBAS LARGE CAP Fund - Direct Plan - Growth Option,0.00832,1.0,151,False
2312,Tata Infrastructure Fund (G),119243,Tata Infrastructure Fund -Direct Plan -Growth Option,0.00317,4.77,151,True
23378,DSP Dynamic Asset Allocation Fund (G),151810,Mirae Asset Multicap Fund - Direct Plan - Growth,0.01429,1.02,93,False
2363,Sundaram Small Cap Fund (G),119589,Sundaram Small Cap Fund Direct Plan - Growth,0.00442,3.32,151,True
2365,Kotak Small Cap Fund (G),120164,Kotak-Small Cap Fund - Growth - Direct,0.00326,4.5,151,True
2366,SBI Healthcare Opportunities Fund (G),119783,SBI HEALTHCARE OPPORTUNITIES FUND - DIRECT PLAN -GROWTH,0.00431,2.85,151,True
2367,Franklin India Large & Mid Cap Fund (G),118510,Franklin India Large & Mid Cap Fund - Direct - Growth,0.00384,2.85,151,True
2383,SBI Equity Hybrid Fund (G),151165,360 ONE ELSS Tax Saver Nifty 50 Index Fund - Direct Plan - Growth,0.01003,1.01,151,False
2397,Nippon India Multi Cap Fund (G),118651,Nippon India Multi Cap Fund - Direct Plan Growth Plan - Bonus Option,0.00228,1.0,151,True
24095,Motilal Oswal Midcap Fund (G),127042,Motilal Oswal Midcap Fund-Direct Plan-Growth Option,0.00768,2.8,141,True
2414,Canara Robeco Large and Mid Cap Fund (G),118278,CANARA ROBECO LARGE AND MID CAP FUND - DIRECT PLAN - GROWTH OPTION,0.00474,1.92,151,True
2429,SBI Midcap Fund (G),119716,SBI MIDCAP FUND - DIRECT PLAN - GROWTH,0.00394,2.88,151,True
2439,HDFC Hybrid Equity Fund (G),151412,Mirae Asset Flexi Cap Fund - Direct Plan - Growth,0.00894,1.08,151,False
24869,Bank of India Balanced Advantage Fund (G),151165,360 ONE ELSS Tax Saver Nifty 50 Index Fund - Direct Plan - Growth,0.00888,1.03,140,False
2492,UTI-Dividend Yield Fund (G),151755,Baroda BNP Paribas Value Fund - Direct Plan - Growth option,0.01275,1.09,151,False
254,Quant ELSS Tax Saver Fund - Regular (G),120847,quant ELSS Tax Saver Fund - Growth Option - Direct Plan,0.01215,1.27,151,True
2544,SBI Contra Fund (G),119835,SBI CONTRA FUND - DIRECT PLAN - GROWTH,0.00769,1.3,151,True
2553,SBI Large & Midcap Fund (G),119721,SBI LARGE & MIDCAP FUND -DIRECT PLAN -Growth,0.00359,2.46,151,True
2557,Kotak Contra Fund (G),119769,Kotak Contra Fund - Direct Plan - Growth,0.00601,1.56,151,True
2559,Aditya Birla SL Consumption Fund - Regular (G),119591,Aditya Birla Sun Life Consumption Fund - Growth - Direct Plan,0.00326,2.56,150,True
2563,Nippon India Aggressive Hybrid Fund (G),150797,WhiteOak Capital Large Cap Fund Direct Plan Growth,0.00806,1.03,151,False
2565,Nippon India Value Fund (G),118784,Nippon India Value Fund - Direct Plan Growth Plan,0.00269,3.87,151,True
2566,Bandhan Large & Mid Cap Fund (G),118419,Bandhan Large & Mid Cap Fund - Direct Plan - Growth,0.00492,2.03,151,True
2576,UTI-Value Fund (G),120751,UTI Value Fund - Direct Plan - Growth Option,0.00211,4.44,151,True
2579,SBI Comma Fund (G),119705,SBI COMMA Fund - DIRECT PLAN - Growth,0.00653,2.78,151,True
2582,SBI MNC Fund (G),119711,SBI MNC FUND - DIRECT PLAN -GROWTH,0.00869,2.1,151,True
2591,ICICI Pru Infrastructure Fund - (G),120621,ICICI Prudential Infrastructure Fund - Direct Plan -  Growth,0.00389,4.06,151,True
2593,HDFC Multi-Asset Fund - (G),150187,BARODA BNP PARIBAS LARGE CAP Fund - Direct Plan - Growth Option,0.00775,1.1,151,False
2595,Nippon India ELSS Tax Saver Fund - (G),118803,Nippon India ELSS Tax Saver Fund - Direct Plan Growth Plan - Growth Option,0.00236,3.85,151,True
2610,UTI-Flexi Cap Fund (G),120662,UTI - Flexi Cap Fund-Growth Option - Direct,0.00202,5.84,151,True
2612,UTI-Large & Mid Cap Fund (G),120665,UTI Large & Mid Cap Fund - Direct Plan - Growth Option,0.00244,4.49,151,True
26134,Motilal Oswal Flexi Cap Fund (G),129046,Motilal Oswal Flexi cap Fund Direct Plan-Growth Option,0.00581,2.82,139,True
2615,UTI-Large Cap Fund (G),120656,UTI Large Cap Fund - Direct Plan - Growth Option,0.0023,3.21,151,True
2617,UTI-MNC Fund (G),120682,UTI - MNC Fund - Growth Option - Direct,0.00219,4.78,151,True
2619,UTI-Banking and Financial Services Fund (G),120733,UTI Banking and Financial Services Fund - Direct Plan - Growth Option,0.00342,3.01,151,True
2620,UTI-Infrastructure Fund (G),120728,UTI Infrastructure Fund-Growth Option- Direct,0.00197,7.42,151,True
2624,UTI-Healthcare Fund (G),120782,UTI Healthcare Fund - Direct Plan - Growth Option,0.0036,2.91,151,True
2627,UTI-Mid Cap Fund (G),120726,UTI Mid Cap Fund-Growth Option- Direct,0.00321,3.53,151,True
2629,UTI-Transportation & Logistics Fund (G),120731,UTI-Transportation and Logistics  Fund-Growth Option- Direct,0.00461,2.31,151,True
2631,UTI-ELSS Tax Saver Fund (G),120715,UTI ELSS Tax Saver Fund - Direct Plan - Growth Option,0.00263,3.66,151,True
26325,HSBC Small Cap Fund (G),151130,HSBC Small Cap Fund - Direct Growth,0.00256,6.14,138,True
2640,Sundaram Infrastructure Advantage Fund (G),129212,Sundaram Infrastructure Advantage Fund Direct Plan - Growth,0.00303,4.48,151,True
26451,ICICI Pru Dividend Yield Equity Fund - Regular (G),151755,Baroda BNP Paribas Value Fund - Direct Plan - Growth option,0.01037,1.11,138,False
2652,Aditya Birla SL Focused Fund (G),119564,Aditya Birla Sun Life Focused Fund - Growth - Direct Plan,0.00423,1.72,151,True
2655,SBI Flexi Cap Fund (G),119718,SBI Flexicap Fund - DIRECT PLAN - Growth Option,0.00405,2.36,151,False
26663,Union Small Cap Fund (G),129649,Union Small Cap Fund - Direct Plan - Growth Option,0.00448,3.19,136,True
2678,Bandhan Flexi Cap Fund (G),118424,BANDHAN Flexi Cap Fund-Direct Plan-Growth,0.00452,2.11,151,True
2691,Canara Robeco Infrastructure (G),118267,CANARA ROBECO INFRASTRUCTURE FUND - DIRECT PLAN - GROWTH OPTION,0.00395,3.32,151,True
2693,Sundaram Focused Fund (G),149533,Sundaram Focused Fund (Formerly Known as Principal Focused Multicap Fund)- Direct Plan - Growth Option,0.00442,2.2,151,True
2707,Kotak ELSS Tax Saver Fund (G),119773,Kotak ELSS Tax Saver Fund-Growth - Direct,0.00335,2.52,151,True
271,Franklin India Technology Fund - (G),118537,Franklin India Technology Fund - Direct - Growth,0.0125,1.26,151,True
273,Franklin India Opportunities Fund - (G),118539,Franklin India Opportunities Fund - Direct - Growth,0.00534,2.73,151,True
2768,ICICI Pru Exports and Services Fund (G),120688,ICICI Prudential Exports & Services Fund - Direct Plan - Growth,0.00648,1.77,151,True
2770,Baroda BNP Paribas ELSS Tax Saver Fund - Regular (G),150159,BARODA BNP PARIBAS ELSS Tax Saver Fund - Direct Plan - Growth Option,0.0047,1.45,151,True
2772,Franklin India Small Cap Fund (G),118525,Franklin India Small Cap Fund - Direct - Growth,0.00463,2.97,151,True
27789,HSBC Business Cycles Fund (G),151142,HSBC Business Cycles Fund - Direct Growth,0.00211,7.53,135,True
2781,SBI Multi Asset Allocation Fund (G),151810,Mirae Asset Multicap Fund - Direct Plan - Growth,0.01401,1.13,151,False
279,ICICI Pru FMCG Fund - (G),120587,ICICI Prudential FMCG Fund - Direct Plan -  Growth,0.00471,4.59,151,True
281,ICICI Pru Equity & Debt Fund - (G),150187,BARODA BNP PARIBAS LARGE CAP Fund - Direct Plan - Growth Option,0.01141,1.13,151,False
283,ICICI Pru Technology Fund (G),120594,ICICI Prudential Technology Fund - Direct Plan -  Growth,0.00543,1.7,151,True
28400,Bandhan Balanced Advantage Fund (G),150797,WhiteOak Capital Large Cap Fund Direct Plan Growth,0.00705,1.25,133,False
28408,Kotak Equity Savings Fund (G),151755,Baroda BNP Paribas Value Fund - Direct Plan - Growth option,0.01229,1.16,133,False
28437,Edelweiss Equity Savings Fund (G),151755,Baroda BNP Paribas Value Fund - Direct Plan - Growth option,0.01268,1.04,133,False
2852,SBI Large Cap Fund (G),119598,SBI Large Cap FUND-DIRECT PLAN -GROWTH,0.0029,2.62,151,True
28637,Tata ELSS Fund (G),132756,Tata ELSS Fund-Growth-Direct Plan,0.00315,2.86,133,True
28657,360 ONE Focused Fund (G),131580,360 ONE Focused Fund-Direct Plan-Growth,0.00689,1.53,133,True
2866,HSBC ELSS Tax Saver Fund (G),151078,HSBC ELSS Tax saver Fund - Direct Growth,0.0021,5.32,151,True
28845,SBI Long Term Advantage Fund - Series I (G),150387,Baroda BNP Paribas Flexi Cap Fund - Direct Plan - Growth Option,0.01433,1.03,119,False
28891,Aditya Birla SL Equity Savings Fund (G),149104,Mahindra Manulife Flexi Cap Fund - Direct Plan -Growth,0.01354,1.07,131,False
28903,Kotak Aggressive Hybrid Fund (G),151368,Axis Business Cycles Fund - Direct Plan - Growth,0.00983,1.08,133,False
28984,ICICI Pru Equity Savings Fund - Reg (G),151471,NAVI ELSS TAX SAVER NIFTY 50 INDEX FUND - DIRECT PLAN GROWTH,0.01036,1.03,131,False
29326,Sundaram LT Tax Advantage Fund - Sr.I (G),151165,360 ONE ELSS Tax Saver Nifty 50 Index Fund - Direct Plan - Growth,0.00743,1.24,119,False
2933,Bandhan Focused Fund (G),118421,Bandhan Focused Fund - Direct Plan - Growth,0.00593,2.4,151,True
29348,SBI Long Term Advantage Fund - Series II (G),150387,Baroda BNP Paribas Flexi Cap Fund - Direct Plan - Growth Option,0.01372,1.0,119,False
2939,Aditya Birla SL Infrastructure Fund - (G),119514,Aditya Birla Sun Life Infrastructure Fund - Growth - Direct Plan,0.00381,3.82,151,True
29396,Motilal Oswal ELSS Tax Saver Fund (G),133386,Motilal Oswal ELSS Tax Saver Fund - Direct Plan - Growth Option,0.00428,1.87,130,True
29449,Aditya Birla SL Manufacturing Equity Fund (G),133516,Aditya Birla Sun Life Manufacturing Equity Fund - Direct Plan - Growth,0.00372,3.51,129,True
29517,Edelweiss Flexi Cap Fund (G),140353,Edelweiss Flexi Cap Fund - Direct Plan - Growth Option,0.00464,1.37,129,True
29542,Nippon India Retirement Fund-WC (G),151368,Axis Business Cycles Fund - Direct Plan - Growth,0.00949,1.03,129,False
29548,Nippon India Retirement Fund-IG (G),149570,Sundaram ELSS Tax Saver Fund Direct Plan Growth,0.01034,1.07,129,False
29655,LIC MF Large & Mid Cap Fund - Regular (G),133710,LIC MF Large & Mid Cap Fund-Direct Plan-Growth,0.00707,1.27,129,True
2970,Quantum Value Fund - Direct (G),111549,Quantum ELSS Tax Saver Fund - Direct Plan Growth Option,0.00608,1.05,151,False
29734,PGIM India Flexi Cap Fund (G),133839,PGIM India Flexi Cap Fund - Direct Plan - Growth Option,0.00591,1.7,128,True
29738,SBI Banking & Financial Services Fund (G),133859,SBI BANKING & FINANCIAL SERVICES FUND - DIRECT PLAN - GROWTH,0.0043,2.61,129,True
29974,LIC MF Banking & Fina Serv Fund (G),134017,LIC MF Banking and Financial Services Fund-Direct Plan-Growth,0.00524,2.24,127,True
3046,Baroda BNP Paribas Mid Cap Fund - Regular (G),150212,BARODA BNP PARIBAS Mid Cap Fund - Direct Plan - Growth Option,0.00381,2.58,151,True
30520,Nippon India Equity Savings Fund (G),151165,360 ONE ELSS Tax Saver Nifty 50 Index Fund - Direct Plan - Growth,0.01144,1.01,125,False
30575,SBI Equity Savings Fund (G),151810,Mirae Asset Multicap Fund - Direct Plan - Growth,0.00934,1.14,126,False
3058,Sundaram Consumption Fund (G),119595,Sundaram Consumption Fund (Formerly Known as Sundaram Rural and Consumption Fund Direct Plan - Growth),0.00356,3.48,151,True
306,Sundaram Value Fund - Regular (G),119549,Sundaram Value Fund Direct Plan - Growth,0.00272,1.69,151,True
3082,Franklin India Dividend Yield Fund (G),118494,Templeton India Value Fund - Direct - Growth,0.01662,1.01,151,False
30938,Mirae Asset Aggressive Hybrid Fund - Regular (G),118825,Mirae Asset Large Cap Fund - Direct Plan - Growth,0.00637,1.2,124,True
31028,AXIS Equity Savings Fund (G),151165,360 ONE ELSS Tax Saver Nifty 50 Index Fund - Direct Plan - Growth,0.00701,1.0,123,False
31257,Groww Value Fund (G),135341,Groww Value Fund (formerly known as Indiabulls Value Fund) - Direct Plan - Growth Option,0.01042,1.16,122,True
31495,PGIM India Elss Tax Saver Fund (G),135601,PGIM India ELSS Tax Saver Fund - Direct Plan - Growth Option,0.00562,1.64,119,True
31594,Sundaram LT Tax Advantage Fund - Sr.II (G),151165,360 ONE ELSS Tax Saver Nifty 50 Index Fund - Direct Plan - Growth,0.00781,1.02,116,False
31602,Navi ELSS Tax Saver Fund (G),135654,Navi ELSS Tax Saver Fund- Direct Plan- Growth Option,0.00469,2.2,119,True
31630,Navi Large & Midcap Fund (G),135677,Navi Large & Midcap Fund- Direct Plan- Growth Option,0.00439,2.46,119,True
31644,AXIS Children's Fund - Lock in (G),150571,Sundaram Flexicap Fund Direct Growth,0.0105,1.05,119,False
31681,Mirae Asset ELSS Tax Saver Fund - Regular (G),135781,Mirae Asset ELSS Tax Saver Fund - Direct Plan - Growth,0.00267,2.83,119,True
3170,Bandhan Large Cap Fund (G),118479,BANDHAN Large Cap Fund-Direct Plan-Growth,0.00383,2.32,151,True
31728,Tata Banking & Financial Services Fund (G),135793,Tata Banking And Financial Services Fund-Direct Plan-Growth,0.00512,1.65,118,True
31732,Tata Digital India Fund (G),135800,Tata Digital India Fund-Direct Plan-Growth,0.00533,2.08,118,True
31736,Tata Resources & Energy Fund (G),135813,Tata Resources & Energy Fund-Direct Plan-Growth,0.00412,3.99,118,True
31740,Tata India Consumer Fund (G),135805,Tata India Consumer Fund-Direct Plan-Growth,0.00378,4.15,118,True
31744,Tata India Pharma & Healthcare Fund (G),135810,Tata India Pharma & Healthcare Fund-Direct Plan-Growth,0.00407,2.3,118,True
31927,SBI Long Term Advantage Fund - Series III (G),150387,Baroda BNP Paribas Flexi Cap Fund - Direct Plan - Growth Option,0.01395,1.02,115,False
32060,HDFC Retirement Savings Fund - Equity (G),149094,Nippon India Flexi Cap Fund - Direct Plan - Growth Plan - Growth Option,0.00912,1.01,117,False
32062,HDFC Retirement Savings Fund-Hybrid Equity (G),151412,Mirae Asset Flexi Cap Fund - Direct Plan - Growth,0.00933,1.04,117,False
32064,HDFC Retirement Savings Fund-Hybrid Debt (G),149085,Canara Robeco Value Fund - Direct Plan - Growth Option,0.01479,1.01,116,False
32100,Tata Children's Fund (After 7 Years),149104,Mahindra Manulife Flexi Cap Fund - Direct Plan -Growth,0.00863,1.12,118,False
32502,DSP Equity Savings Fund - Regular (G),149104,Mahindra Manulife Flexi Cap Fund - Direct Plan -Growth,0.01322,1.09,116,False
33075,Bank of India Mid & Small Cap Equity & Debt Fund (G),151290,HSBC Multi Cap Fund - Direct - Growth,0.01764,1.03,112,False
33246,Mahindra Manulife ELSS Tax Saver Fund (G),139781,Mahindra Manulife ELSS Tax Saver Fund - Direct Plan -Growth,0.00474,1.07,109,True
33264,Sundaram LT MC Tax Advantage Fund-Sr.III (G),119589,Sundaram Small Cap Fund Direct Plan - Growth,0.01636,1.22,108,False
33399,Motilal Oswal Balance Advantage Fund (G),122389,Motilal Oswal Focused Fund - Direct Plan Growth Option,0.02043,1.07,110,True
33530,Sundaram LT MC Tax Advantage Fund-Sr.IV (G),119589,Sundaram Small Cap Fund Direct Plan - Growth,0.01646,1.24,104,False
33712,Bandhan Aggressive Hybrid Fund - Regular (G),150346,WhiteOak Capital Flexi Cap Fund Direct Plan-Growth,0.01115,1.03,106,False
33771,Mahindra Manulife Equity Savings Fund (G),151165,360 ONE ELSS Tax Saver Nifty 50 Index Fund - Direct Plan - Growth,0.00927,1.01,105,False
33795,LIC MF Midcap Fund - Regular (G),152002,LIC MF Mid Cap Fund-Direct Plan-Growth,0.00254,4.6,106,True
33809,SBI Long Term Advantage Fund - Series IV (G),149303,BANDHAN MULTI CAP FUND - GROWTH - DIRECT PLAN,0.02005,1.0,103,False
34287,Baroda BNP Paribas Aggressive Hybrid Fund (G),150187,BARODA BNP PARIBAS LARGE CAP Fund - Direct Plan - Growth Option,0.00749,1.34,103,True
34449,Sundaram LT MC Tax Advantage Fund-Sr.V (G),119589,Sundaram Small Cap Fund Direct Plan - Growth,0.01605,1.2,100,False
34522,Mahindra Manulife Multi Cap Fund (G),141226,Mahindra Manulife Multi Cap Fund - Direct Plan -Growth,0.00415,2.95,102,True
34588,Union Largecap Fund - Regular (G),141248,Union Largecap Fund - Direct Plan - Growth Option,0.00325,1.75,101,True
34766,LIC MF Small Cap Fund - Regular (G),152004,LIC MF Small Cap Fund-Direct Plan-Growth,0.004,4.06,101,True
34909,Sundaram LT MC Tax Advantage Fund-Sr.VI (G),119589,Sundaram Small Cap Fund Direct Plan - Growth,0.0167,1.13,98,False
34958,AXIS Balanced Advantage Fund (G),150797,WhiteOak Capital Large Cap Fund Direct Plan Growth,0.00801,1.2,99,False
35128,Baroda BNP Paribas Focused Fund (G),150264,BARODA BNP PARIBAS Focused Fund - Direct Plan - Growth Option,0.00429,2.99,97,True
35158,Groww ELSS Tax Saver Fund (G),141808,Groww ELSS Tax Saver Fund (formerly known as Indiabulls Tax Savings Fund)- Direct Plan- Growth Option,0.00748,1.67,95,True
35212,AXIS Flexi Cap Fund (G),141925,Axis Flexi Cap Fund - Direct Plan - Growth,0.0079,1.28,96,True
35238,LIC MF Focused Fund - Regular (G),152010,LIC MF Focused Fund-Direct Plan-Growth,0.00707,1.87,96,True
35269,HDFC Housing Opportunities Fund (G),141924,HDFC Housing Opportunities Fund  - Growth Option - Direct Plan,0.00939,1.7,95,True
35281,Bank of India Midcap Tax Fund - Series 1 (G),151379,ITI Flexi Cap Fund- Direct Plan- Growth,0.01349,1.06,93,False
3530,DSP Midcap Fund (G),119071,DSP Midcap Fund - Direct Plan - Growth,0.00426,2.67,151,True
35348,Union Balanced Advantage Fund (G),150187,BARODA BNP PARIBAS LARGE CAP Fund - Direct Plan - Growth Option,0.00861,1.03,94,False
354,LIC MF Large Cap Fund (G),120267,LIC MF Large Cap Fund-Direct Plan-Growth,0.00535,1.54,151,True
35420,Mahindra Manulife Mid Cap Fund (G),142110,Mahindra Manulife Mid Cap Fund - Direct Plan -Growth,0.00363,3.67,94,True
35434,SBI Long Term Advantage Fund - Series V (G),143793,Navi Flexi Cap Fund - Direct Plan - Growth,0.01712,1.04,92,False
35438,ICICI Pru Long Term Wealth Enhancement Fund (G),148990,ICICI Prudential Flexicap Fund - Direct Plan - Growth,0.0103,1.18,92,False
35456,Sundaram LT Tax Advantage Fund-Sr.III (G),119589,Sundaram Small Cap Fund Direct Plan - Growth,0.0154,1.2,91,False
357,LIC MF Conservative Hybrid Fund - Regular (G),150376,Edelweiss Focused Fund - Direct Plan - Growth,0.0187,1.03,151,False
35739,Edelweiss Recently Listed IPO Fund (G),151905,Union Innovation & Opportunities Fund - Direct Plan - Growth Option,0.0126,1.04,93,False
361,LIC MF Aggressive Hybrid Fund - Regular (G),151368,Axis Business Cycles Fund - Direct Plan - Growth,0.00938,1.07,151,False
362,Taurus Flexi Cap Fund (G),118883,Taurus Flexi Cap Fund - Direct Plan - Growth,0.00425,2.59,151,True
36395,Sundaram LT Tax Advantage Fund-Sr.IV (G),119589,Sundaram Small Cap Fund Direct Plan - Growth,0.01645,1.12,88,False
364,DSP Large & Mid Cap Fund - Regular (G),119218,DSP Large & Mid Cap Fund - Direct Plan - Growth,0.00396,1.76,151,True
36465,SBI Long Term Advantage Fund - Series VI (G),149303,BANDHAN MULTI CAP FUND - GROWTH - DIRECT PLAN,0.01126,1.03,88,False
36492,Navi Aggressive Hybrid Fund - Regular (G),143793,Navi Flexi Cap Fund - Direct Plan - Growth,0.00873,1.31,91,False
36799,Invesco India Aggressive Hybrid Fund - Regular (G),120357,Invesco India Large & Mid Cap Fund - Direct Plan - Growth,0.00821,1.13,89,True
3692,ICICI Pru Balanced Advantage Fund (G),120586,ICICI Prudential Large Cap Fund (erstwhile Bluechip Fund) - Direct Plan - Growth,0.00756,1.06,151,False
36933,Mirae Asset Healthcare Fund - Regular (G),143783,Mirae Asset Healthcare Fund Direct Growth,0.00288,3.35,88,True
3694,Quant Large and Mid Cap Fund (G),120826,quant Large & Mid Cap Fund - Growth Option-Direct Plan,0.01283,1.24,151,True
37,Aditya Birla SL MNC Fund - (G),119646,Aditya Birla Sun Life MNC Fund - Growth - Direct Plan,0.00151,9.34,151,True
37061,Navi Flexi Cap Fund - Regular (G),143793,Navi Flexi Cap Fund - Direct Plan - Growth,0.00443,2.28,88,True
37117,ICICI Pru P.H.D Fund (G),149268,ITI Pharma and Healthcare Fund - Direct Plan - Growth Option,0.01153,1.02,88,False
3725,Nippon India Focused Fund (G),118692,Nippon India Focused Fund - Direct Plan Growth Plan - Growth Option,0.00498,2.59,151,True
37461,Bank of India Midcap Tax Fund - Series 2 (G),151379,ITI Flexi Cap Fund- Direct Plan- Growth,0.01345,1.05,85,False
37537,Kotak Balanced Advantage Fund - Regular (G),151412,Mirae Asset Flexi Cap Fund - Direct Plan - Growth,0.0076,1.01,87,False
37605,Union Equity Savings Fund (G),150797,WhiteOak Capital Large Cap Fund Direct Plan Growth,0.00939,1.11,86,False
3763,Invesco India ELSS Tax Saver Fund (G),120416,Invesco India ELSS Tax Saver Fund - Direct Plan - Growth,0.00279,2.99,151,True
37669,AXIS Aggressive Hybrid Fund - Regular (G),150571,Sundaram Flexicap Fund Direct Growth,0.01053,1.01,87,False
3769,HSBC Tax Saver Equity Fund (G),148411,HSBC Focused Fund - Direct Growth,0.00997,1.18,151,False
37717,LIC MF Value Fund - Regular (G),152018,LIC MF Value Fund-Direct Plan-Growth,0.00497,2.44,86,True
37729,Franklin India Equity Savings Fund (G),150797,WhiteOak Capital Large Cap Fund Direct Plan Growth,0.01199,1.03,86,False
37813,Tata Flexi Cap Fund - Regular (G),144546,Tata Flexi Cap Fund-Direct Plan-Growth,0.00625,1.96,86,True
37887,UTI-Equity Savings Fund - Regular (G),151165,360 ONE ELSS Tax Saver Nifty 50 Index Fund - Direct Plan - Growth,0.00749,1.02,87,False
37897,Baroda BNP Paribas India Consumption Fund-Reg (G),150266,BARODA BNP PARIBAS India Consumption Fund - Direct Plan - Growth Option,0.00269,3.63,86,True
3806,DSP ELSS Tax Saver Fund (G),119242,DSP ELSS Tax Saver Fund - Direct Plan - Growth,0.00349,1.89,151,True
38063,Sundaram Services Fund - Regular (G),144835,Sundaram Services Fund Direct Plan - Growth,0.01072,1.24,85,True
38117,Shriram Flexi Cap Fund (G),144905,Shriram Flexi Cap Fund - Direct Growth,0.00841,1.48,85,True
38269,ICICI Pru Manufacturing Fund (G),149841,Kotak Manufacture in India Fund - Direct Plan Growth,0.01655,1.1,85,False
38343,AXIS Large & Mid Cap Fund - Regular (G),151824,Canara Robeco Multi Cap Fund - Direct Plan - Growth Option,0.0132,1.04,84,False
38347,Invesco India Smallcap Fund - Regular (G),145137,Invesco India Smallcap Fund - Direct Plan - Growth,0.00496,2.7,85,True
38351,Mahindra Manulife Consumption Fund (G),145356,Mahindra Manulife Consumption Fund - Direct Plan -Growth,0.00445,1.88,84,True
38444,Tata Small Cap Fund - Regular (G),145206,Tata Small Cap Fund-Direct Plan-Growth,0.00948,1.93,84,True
38624,Baroda BNP Paribas Balanced Advantage Fund-Reg (G),150387,Baroda BNP Paribas Flexi Cap Fund - Direct Plan - Growth Option,0.0084,1.23,84,True
38717,DSP Healthcare Fund (G),145454,DSP Healthcare Fund - Direct Plan - Growth,0.0103,1.43,83,True
38721,Union Value Fund (G),145473,Union Value Fund - Direct Plan - Growth Option,0.00368,2.84,82,True
3878,SBI ESG Exclusionary Strategy Fund (G),119709,SBI ESG Exclusionary Strategy Fund - Direct Plan -Growth,0.00428,2.22,151,True
38823,Bank of India Small Cap Fund (G),145678,BANK OF INDIA Small Cap Fund Direct Plan Growth,0.00582,2.43,83,True
38844,Groww Aggressive Hybrid Fund - Regular (G),150797,WhiteOak Capital Large Cap Fund Direct Plan Growth,0.00911,1.04,83,False
38897,Mirae Asset Equity Savings Fund (G),151412,Mirae Asset Flexi Cap Fund - Direct Plan - Growth,0.00792,1.25,83,True
38964,LIC MF Dividend Yield Fund - Regular (G),149669,Sundaram Multi Cap Fund (Formerly Known as Principal Multi Cap Growth Fund)-Direct Plan - Growth Option,0.01245,1.02,82,False
38994,Shriram ELSS Tax Saver Fund (G),145819,Shriram ELSS Tax Saver Fund - Direct Growth,0.00858,1.19,81,True
390,Taurus Large Cap Fund (G),118870,Taurus Large Cap Fund - Direct Plan - Growth,0.00454,2.14,151,True
39116,ICICI Pru India Opportunities Fund (G),150571,Sundaram Flexicap Fund Direct Growth,0.0131,1.03,82,False
39236,Tata Balanced Advantage Fund (G),150187,BARODA BNP PARIBAS LARGE CAP Fund - Direct Plan - Growth Option,0.0076,1.15,82,False
39349,Canara Robeco Small Cap Fund - Regular (G),146130,CANARA ROBECO SMALL CAP FUND - DIRECT PLAN - GROWTH OPTION,0.00968,1.34,81,True
39435,Edelweiss Small Cap Fund - Regular (G),146196,Edelweiss Small Cap Fund - Direct Plan - Growth,0.00405,3.22,81,True
39462,Aditya Birla SL Bal Bhavishya Yojna - Reg (G),119544,Aditya Birla Sun Life ELSS Tax Saver Fund - Growth - Direct Plan,0.00628,1.54,81,True
39628,ICICI Pru Retirement Fund - Pure Equity (G),150440,quant Large Cap Fund - Growth Option - Direct Plan,0.0138,1.04,80,False
39636,ICICI Pru Retirement Fund - Hybrid CP (G),151412,Mirae Asset Flexi Cap Fund - Direct Plan - Growth,0.01488,1.1,80,False
39640,ICICI Pru Retirement Fund - Hybrid AP (G),151412,Mirae Asset Flexi Cap Fund - Direct Plan - Growth,0.01328,1.06,80,False
39650,LIC MF Healthcare Fund - Regular (G),152024,LIC MF Healthcare Fund-Direct Plan-Growth,0.00234,4.57,80,True
39668,Invesco India Equity Savings Fund (G),150346,WhiteOak Capital Flexi Cap Fund Direct Plan-Growth,0.01167,1.02,80,False
3973,Sundaram Large and Mid Cap Fund (G),119566,Sundaram Large and Midcap Fund Direct Plan - Growth,0.00527,1.76,151,True
39742,Aditya Birla SL Retirement-The 30s Plan-Reg (G),119544,Aditya Birla Sun Life ELSS Tax Saver Fund - Growth - Direct Plan,0.00777,1.31,80,True
39746,Aditya Birla SL Retirement-The 40s Plan-Reg (G),119544,Aditya Birla Sun Life ELSS Tax Saver Fund - Growth - Direct Plan,0.00761,1.25,80,True
39750,Aditya Birla SL Retirement-The 50s Plan-Reg (G),135781,Mirae Asset ELSS Tax Saver Fund - Direct Plan - Growth,0.00852,1.03,46,False
39764,Mahindra Manulife Large Cap Fund - Reg (G),146549,Mahindra Manulife Large Cap Fund - Direct Plan -Growth,0.00459,1.64,80,True
39839,SBI Equity Minimum Variance - Regular (G),146643,SBI Equity Minimum Variance Fund - Direct Plan - Growth,0.00511,2.59,80,True
39951,HSBC Large & Mid Cap Fund (G),146772,HSBC Large & Mid Cap Fund - Direct Growth,0.00299,4.15,80,True
40181,ICICI Pru Bharat Consumption Fund - Reg (G),146951,ICICI Prudential Bharat Consumption Fund - Direct Plan - Growth Option,0.0048,3.04,79,True
40363,Mirae Asset Focused Fund (G),147206,Mirae Asset Focused Fund Direct Plan Growth,0.00214,5.69,78,True
40383,ITI Multi Cap Fund (G),147183,ITI Multi Cap Fund - Direct Plan - Growth Option,0.00861,1.13,78,True
40455,DSP Quant Fund - Regular (G),147306,DSP Quant Fund - Direct Plan - Growth,0.00348,2.84,77,True
40512,ICICI Pru MNC Fund (G),147346,ICICI Prudential MNC Fund - Direct Plan - Growth Option,0.00782,1.91,77,True
40543,Shriram Balanced Advantage Fund (G),144905,Shriram Flexi Cap Fund - Direct Growth,0.01322,1.07,76,False
40547,Quantum ESG Best In Class Strategy Fund-Reg (G),147372,QUANTUM ESG BEST IN CLASS STRATEGY FUND - DIRECT PLAN - GROWTH OPTION,0.00416,2.6,76,True
40565,Aditya Birla SL Pharma & Healthcare Fund (G),147409,Aditya Birla Sun Life Pharma and Healthcare Fund-Direct-Growth,0.00395,2.59,76,True
40603,Parag Parikh ELSS Tax Saver Fund (G),147481,Parag Parikh ELSS Tax Saver Fund- Direct Growth,0.00863,1.61,75,True
40625,Mirae Asset Midcap Fund (G),147445,Mirae Asset Midcap Fund- Direct Growth Option,0.00317,3.24,76,True
40637,Kotak Focused Fund (G),147473,Kotak Focused Fund- Direct Plan- Growth option,0.00299,2.91,76,True
40645,Mahindra Manulife Aggressive Hybrid Fund-Reg (G),149104,Mahindra Manulife Flexi Cap Fund - Direct Plan -Growth,0.0077,1.37,76,True
40654,Union Focused Fund (G),147492,Union Focused Fund - Direct Plan - Growth Option,0.00641,1.51,74,True
40660,Baroda BNP Paribas Equity Savings Fund (G),151165,360 ONE ELSS Tax Saver Nifty 50 Index Fund - Direct Plan - Growth,0.00946,1.02,76,False
40684,ITI ELSS Tax Saver Fund (G),147541,ITI ELSS Tax Saver Fund - Direct Plan - Growth Option,0.00584,2.32,73,True
40838,ICICI Pru Commodities Fund (G),147662,ICICI Prudential Commodities Fund - Direct Plan - Growth Option,0.0074,2.96,73,True
40842,Motilal Oswal Large and Midcap Fund (G),147704,Motilal Oswal Large and Midcap Fund - Direct Plan Growth,0.00429,1.43,73,True
40910,Kotak Pioneer Fund - Regular (G),150624,Kotak Business Cycle - Direct Plan - Growth,0.01001,1.13,72,False
40921,Union Large & Midcap Fund (G),147750,Union Large & Midcap Fund - Direct Plan - Growth Option,0.00407,2.36,70,True
40929,Tata Focused Fund (G),147757,Tata Focused Fund-Direct Plan-Growth,0.00453,2.53,71,True
40955,Mahindra Manulife Large & Mid Cap Fund-Reg (G),147840,Mahindra Manulife Large & Mid Cap Fund - Direct Plan -Growth,0.00473,1.96,70,True
40963,ITI Balanced Advantage Fund (G),151412,Mirae Asset Flexi Cap Fund - Direct Plan - Growth,0.01022,1.01,71,False
40998,AXIS Retirement Fund - AP - Regular (G),120503,Axis ELSS Tax Saver Fund - Direct Plan - Growth Option,0.01053,1.05,70,False
41002,AXIS Retirement Fund - DP - Regular (G),150797,WhiteOak Capital Large Cap Fund Direct Plan Growth,0.01145,1.01,70,False
41006,AXIS Retirement Fund - CP - Regular (G),151471,NAVI ELSS TAX SAVER NIFTY 50 INDEX FUND - DIRECT PLAN GROWTH,0.01333,1.03,70,False
41016,Aditya Birla SL PSU Equity Fund (G),147844,Aditya Birla Sun Life PSU Equity Fund-Direct Plan-Growth,0.00647,2.28,71,True
41036,Tata Quant Fund - Regular (G),150571,Sundaram Flexicap Fund Direct Growth,0.01661,1.09,61,False
41070,ITI Small Cap Fund (G),147919,ITI Small Cap Fund - Direct Plan - Growth Option,0.00684,2.01,69,True
41099,AXIS ESG Integration Strategy Fund (G),150797,WhiteOak Capital Large Cap Fund Direct Plan Growth,0.01193,1.02,69,False
41111,Bandhan Small Cap Fund (G),147946,BANDHAN SMALL CAP FUND - DIRECT PLAN GROWTH,0.00769,1.98,68,True
41236,Tata Multi Asset Allocation Fund - Reg (G),150187,BARODA BNP PARIBAS LARGE CAP Fund - Direct Plan - Growth Option,0.00872,1.04,68,False
41249,Union Midcap Fund (G),148073,Union Midcap Fund - Direct Plan - Growth Option,0.00387,3.03,67,True
4133,Taurus Infrastructure Fund (G),118879,Taurus Infrastructure Fund - Direct Plan - Growth,0.0053,3.01,151,True
41506,ITI Large Cap Fund (G),148353,ITI Large Cap Fund - Direct Plan - Growth Option,0.00561,1.74,59,True
41560,Bank of India Flexi Cap Fund (G),148404,BANK OF INDIA Flexi Cap Fund Direct Plan -Growth,0.0047,2.68,65,True
41564,HSBC Focused Fund (G),148411,HSBC Focused Fund - Direct Growth,0.00339,3.42,64,True
41576,Motilal Oswal Multi Asset Fund (G),122389,Motilal Oswal Focused Fund - Direct Plan Growth Option,0.02593,1.04,59,True
4160,Kotak Midcap Fund (G),119775,Kotak Midcap Fund - Direct Plan - Growth,0.00315,3.68,151,True
41613,Nippon India Multi Asset Allocation Fund-Reg (G),119769,Kotak Contra Fund - Direct Plan - Growth,0.00823,1.04,63,False
41627,Baroda BNP Paribas Large & Mid Cap Fund (G),148474,Baroda BNP Paribas Large and Mid Cap Fund- Direct Plan -Growth Option,0.00468,2.09,62,True
41641,Invesco India Focused Fund (G),148481,Invesco India Focused Fund - Direct Plan - Growth,0.00624,2.17,62,True
41649,Sundaram Large Cap Fund - Regular (G),148507,Sundaram Large Cap Fund (Formerly Known as Sundaram Blue Chip Fund)Direct Plan - Growth,0.00394,1.45,61,True
41654,SBI Magnum Children's Benefit Fund - IP (G),150212,BARODA BNP PARIBAS Mid Cap Fund - Direct Plan - Growth Option,0.02033,1.04,61,False
41670,ICICI Pru ESG Exclusionary Strategy Fund-Reg (G),148516,ICICI Prudential ESG Exclusionary Strategy Fund - Direct Plan - Growth,0.00591,2.32,61,True
41694,Aditya Birla SL Special Opportunities Fund (G),148539,Aditya Birla Sun Life Special Opportunities Fund-Direct-Growth,0.00777,1.19,61,True
41722,Quant ESG Integration Strategy Fund (G),148564,quant ESG Integration Strategy Fund - Growth Option - Direct Plan,0.0151,1.27,60,True
41728,Mahindra Manulife Focused Fund (G),148567,Mahindra Manulife Focused Fund - Direct Plan -Growth,0.00335,2.7,60,True
41745,Union Aggressive Hybrid Fund (G),119292,Union Flexi Cap Fund - Direct Plan - Growth Option,0.00513,1.04,58,False
41749,DSP Value Fund (G),149141,Baroda BNP Paribas Business Cycle Fund - Direct Plan - Growth,0.01072,1.03,59,False
41753,Mirae Asset Banking&Financial Services Fund (G),148623,Mirae Asset Banking and Financial Services Fund Direct Growth,0.00299,2.67,59,True
41757,Kotak ESG Exclusionary Strategy Fund (G),148606,Kotak ESG Exclusionary Strategy Fund - Direct Plan - Growth Option,0.00557,1.63,59,True
41763,ICICI Pru Quant Fund (G),148600,ICICI Prudential Quant Fund Direct Plan Growth,0.00768,1.36,59,True
41767,HDFC Dividend Yield Fund (G),151755,Baroda BNP Paribas Value Fund - Direct Plan - Growth option,0.01008,1.01,59,False
41771,Aditya Birla SL ESG Integration Strategy Fund (G),148637,Aditya Birla Sun Life ESG Integration Strategy Fund-Direct Plan-Growth,0.00324,3.24,59,True
41775,UTI-Small Cap Fund (G),148618,UTI Small Cap Fund - Direct Plan - Growth Option,0.0037,3.78,59,True
41790,AXIS Innovation Fund (G),150624,Kotak Business Cycle - Direct Plan - Growth,0.01206,1.12,59,False
41804,ICICI Pru Business Cycle Fund (G),150187,BARODA BNP PARIBAS LARGE CAP Fund - Direct Plan - Growth Option,0.0092,1.17,58,False
41822,PGIM India Balanced Advantage Fund (G),133839,PGIM India Flexi Cap Fund - Direct Plan - Growth Option,0.00989,1.07,57,True
41830,SBI Retirement Benefit Fund-Aggressive Plan (G),150376,Edelweiss Focused Fund - Direct Plan - Growth,0.01101,1.01,57,False
41834,SBI Retirement Benefit Fund-Aggrs Hyb Plan (G),151368,Axis Business Cycles Fund - Direct Plan - Growth,0.01113,1.04,57,False
41838,SBI Retirement Benefit Fund-Conservative Plan (G),151368,Axis Business Cycles Fund - Direct Plan - Growth,0.01114,1.01,57,False
41842,SBI Retirement Benefit Fund-Conser Hyb Plan (G),151368,Axis Business Cycles Fund - Direct Plan - Growth,0.01094,1.02,57,False
41884,ITI Mid Cap Fund (G),148733,ITI Mid Cap Fund - Direct Plan - Growth Option,0.00581,2.66,56,True
41904,Invesco India ESG Integration Strategy Fund (G),148751,Invesco India ESG Integration Strategy Fund - Direct Plan - Growth,0.00211,5.39,56,True
42011,Canara Robeco Focused Fund (G),148883,Canara Robeco Focused Fund - Direct Plan - Growth Option,0.00371,2.02,54,True
42025,Quant Quantamental Fund (G),148925,quant Quantamental Fund - Growth Option - Direct Plan,0.01367,1.24,54,True
42029,Aditya Birla SL Multi-Cap Fund (G),148921,Aditya Birla Sun Life Multi-Cap Fund-Direct Growth,0.00189,4.5,54,True
42063,Parag Parikh Conservative Hybrid Fund (G),147844,Aditya Birla Sun Life PSU Equity Fund-Direct Plan-Growth,0.04026,1.08,53,False
42067,Tata Dividend Yield Fund (G),120158,Kotak Large & Midcap Fund - Direct- Growth,0.01203,1.04,54,False
42086,ITI Value Fund (G),148972,ITI Value Fund - Direct Plan - Growth Option,0.00448,2.55,53,True
4209,Invesco India Contra Fund (G),120348,Invesco India Contra Fund - Direct Plan - Growth,0.00324,2.99,151,True
42096,ICICI Pru Flexicap Fund (G),148990,ICICI Prudential Flexicap Fund - Direct Plan - Growth,0.00562,1.94,52,True
42100,Bank of India Large Cap Fund - Regular (G),148980,BANK OF INDIA Large Cap Fund Direct Plan Growth,0.00299,3.61,53,True
42104,HDFC Banking & Financial Services Fund (G),148986,HDFC Banking & Financial Services Fund - Growth Option - Direct Plan,0.00256,3.3,52,True
42108,AXIS Quant Fund (G),148993,Axis Quant Fund - Direct Plan - Growth,0.00356,3.31,52,True
4211,Invesco India Midcap Fund (G),120403,Invesco India Midcap Fund - Direct Plan - Growth Option,0.00377,3.09,151,True
42152,PGIM India Small Cap Fund (G),149019,PGIM India Small Cap Fund - Direct Plan- Growth Option,0.00506,2.67,52,True
42176,Tata Business Cycle Fund (G),149071,Tata Business Cycle Fund-Direct Plan-Growth,0.00398,2.2,51,True
42201,Nippon India Flexi Cap Fund - Regular (G),149094,Nippon India Flexi Cap Fund - Direct Plan - Growth Plan - Growth Option,0.00247,2.97,51,True
42210,Mahindra Manulife Flexi Cap Fund (G),149104,Mahindra Manulife Flexi Cap Fund - Direct Plan -Growth,0.00283,1.81,51,True
42214,UTI-Focused Fund (G),149091,UTI Focused Fund - Direct Plan - Growth Option,0.00348,3.04,51,True
42218,Canara Robeco Value Fund (G),149085,Canara Robeco Value Fund - Direct Plan - Growth Option,0.00292,2.98,50,True
42232,SBI Balanced Advantage Fund (G),151755,Baroda BNP Paribas Value Fund - Direct Plan - Growth option,0.00985,1.01,51,False
42256,Baroda BNP Paribas Business Cycle Fund (G),149141,Baroda BNP Paribas Business Cycle Fund - Direct Plan - Growth,0.00327,3.04,50,True
42280,AXIS Value Fund (G),149166,Axis Value Fund - Direct Plan - Growth,0.0061,1.66,50,True
42292,Kotak Multicap Fund (G),149185,Kotak Multicap Fund-Direct Plan-Growth,0.00292,4.01,49,True
42337,NJ Balanced Advantage Fund (G),151755,Baroda BNP Paribas Value Fund - Direct Plan - Growth option,0.01262,1.02,48,False
42388,ITI Pharma and Healthcare Fund (G),149268,ITI Pharma and Healthcare Fund - Direct Plan - Growth Option,0.0028,3.92,48,True
42395,Aditya Birla SL Business Cycle Fund (G),149295,Aditya Birla Sun Life Business Cycle Fund-Direct Growth,0.003,2.95,47,True
42399,LIC MF Balanced Advantage Fund (G),120152,Kotak Large Cap  Fund - Growth - Direct,0.00884,1.02,48,False
42403,Bandhan Multi Cap Fund (G),149303,BANDHAN MULTI CAP FUND - GROWTH - DIRECT PLAN,0.00602,1.31,47,True
42415,360 ONE Quant Fund (G),149318,360 ONE QUANT FUND DIRECT GROWTH,0.00469,3.59,48,True
42427,ITI Banking and Financial Services Fund (G),151384,Kotak Banking & Financial Services Fund - Direct Plan - Growth,0.00862,1.08,47,True
42437,Quant Value Fund (G),149335,Quant Value Fund - Growth Option  - Direct Plan,0.01042,1.86,47,True
42443,HDFC Multi Cap Fund (G),149368,HDFC Multi Cap Fund - Growth Option - Direct Plan,0.00135,5.58,47,True
42484,AXIS Multicap Fund (G),149383,Axis Multicap Fund - Direct Growth,0.00563,1.7,47,True
42535,Mahindra Manulife Balanced Advantage Fund (G),147840,Mahindra Manulife Large & Mid Cap Fund - Direct Plan -Growth,0.00905,1.06,46,True
42553,Samco Flexi Cap Fund (G),149450,Samco Flexi Cap Fund - Direct Plan - Growth Option,0.00929,1.58,45,True
42667,Invesco India Flexi Cap Fund (G),149763,Invesco India Flexi Cap Fund - Direct Plan - Growth,0.00282,2.57,45,True
42697,Kotak Manufacture in India Fund (G),149841,Kotak Manufacture in India Fund - Direct Plan Growth,0.00294,4.99,44,True
42739,SBI Multicap Fund (G),149882,SBI Multicap Fund- Direct Plan- Growth option,0.00337,3.99,44,True
42895,ICICI Pru Housing Opportunities Fund (G),118803,Nippon India ELSS Tax Saver Fund - Direct Plan Growth Plan - Growth Option,0.01272,1.09,43,False
42913,WhiteOak Capital Flexi Cap Fund (G),150346,WhiteOak Capital Flexi Cap Fund Direct Plan-Growth,0.00325,1.31,39,True
42933,Edelweiss Focused Fund (G),150376,Edelweiss Focused Fund - Direct Plan - Growth,0.00187,3.36,39,True
42937,Baroda BNP Paribas Flexi Cap Fund (G),150387,Baroda BNP Paribas Flexi Cap Fund - Direct Plan - Growth Option,0.00262,3.55,38,True
42941,Mirae Asset Balanced Advantage Fund (G),120564,Aditya Birla Sun Life Flexi Cap Fund - Growth - Direct Plan,0.00672,1.04,39,False
42972,Bandhan Midcap Fund (G),150404,BANDHAN MIDCAP FUND - GROWTH - DIRECT PLAN,0.00536,1.99,39,True
42983,Quant Large Cap Fund (G),150440,quant Large Cap Fund - Growth Option - Direct Plan,0.00876,1.1,39,True
43037,Franklin India Balanced Advantage Fund (G),118540,Franklin India ELSS Tax Saver Fund - Direct - Growth,0.00597,1.05,38,True
43073,Tata Housing Opportunities Fund (G),150532,Tata Housing Opportunities Fund - Direct Plan - Growth,0.00457,3.17,38,True
43079,ICICI Pru PSU Equity Fund (G),150539,ICICI Prudential PSU Equity Fund - Direct Plan - Growth,0.0117,1.28,38,True
431,UTI-Unit Linked Insurance Plan,120662,UTI - Flexi Cap Fund-Growth Option - Direct,0.00673,1.72,151,False
43108,WhiteOak Capital Mid Cap Fund (G),150584,WhiteOak Capital Mid Cap Fund Direct Plan Growth,0.00406,2.91,38,True
43120,Union Retirement Fund (G),119307,Union ELSS Tax Saver Fund - Direct Plan - Growth Option,0.00634,1.08,37,False
43124,WhiteOak Capital ELSS Tax Saver Fund (G),150587,WhiteOak Capital ELSS Tax Saver Fund Direct Plan Growth,0.00285,1.32,37,True
43128,Sundaram Flexi Cap Fund (G),150571,Sundaram Flexicap Fund Direct Growth,0.00364,1.57,38,False
43162,Kotak Business Cycle Fund - Regular (G),150624,Kotak Business Cycle - Direct Plan - Growth,0.00274,3.87,38,True
43249,ICICI Pru Transportation and Logistics Fund-Reg (G),150685,ICICI PRUDENTIAL TRANSPORTATION AND LOGISTICS FUND - Direct Plan - Growth,0.00632,1.23,37,True
43253,Bandhan Transportation and Logistics Fund-Reg (G),150716,BANDHAN TRANSPORTATION AND LOGISTICS FUND - GROWTH - DIRECT PLAN,0.00791,1.47,37,True
43257,LIC MF Multi Cap Fund - Regular (G),150659,LIC MF Multi Cap Fund-Direct Plan-Growth,0.00254,3.54,36,True
43335,WhiteOak Capital Large Cap Fund - Regular (G),150797,WhiteOak Capital Large Cap Fund Direct Plan Growth,0.00287,2.07,35,True
43353,JM Midcap Fund - Regular (G),150815,JM Midcap Fund (Direct) - Growth,0.00564,2.65,35,True
43361,HDFC Business Cycle Fund - Regular (G),150805,HDFC Business Cycle Fund - Growth Option - Direct Plan,0.00518,2.09,35,True
43365,Canara Robeco Mid Cap Fund - Regular (G),150817,Canara Robeco Mid Cap Fund- Direct Plan- Growth Option,0.00279,4.11,35,True
43373,Samco ELSS Tax Saver Fund - Regular (G),150838,Samco ELSS Tax Saver Fund - Direct Plan - Growth Option,0.00904,1.89,35,True
43401,Union Multicap Fund - Regular (G),150858,Union Multicap Fund - Direct Plan - Growth Option,0.00303,2.64,35,True
43405,Baroda BNP Paribas Multi Asset Fund - Reg (G),150187,BARODA BNP PARIBAS LARGE CAP Fund - Direct Plan - Growth Option,0.00876,1.04,35,True
43426,Mahindra Manulife Small Cap Fund - Regular (G),150915,Mahindra Manulife Small Cap Fund - Direct Plan - Growth,0.00547,2.7,35,True
436,Tata Large & Mid Cap Fund - Regular (G),119202,Tata Large & MId Cap Fund -Direct Plan- Growth Option,0.00339,3.35,151,True
43625,WhiteOak Capital Balanced Advantage Fund - Reg (G),150797,WhiteOak Capital Large Cap Fund Direct Plan Growth,0.00552,1.25,33,True
43655,HSBC Multi Cap Fund - Regular (G),151290,HSBC Multi Cap Fund - Direct - Growth,0.00179,6.41,34,True
43667,Aditya Birla SL Multi Asset Allocation Fund-Reg (G),120564,Aditya Birla Sun Life Flexi Cap Fund - Growth - Direct Plan,0.00673,1.06,34,True
43671,Tata Multicap Fund - Regular (G),151232,Tata Multicap Fund - Direct Plan - Growth,0.00352,2.15,33,True
43735,ITI Flexi Cap Fund - Regular (G),151379,ITI Flexi Cap Fund- Direct Plan- Growth,0.00487,2.34,33,True
43745,AXIS Business Cycles Fund - Regular (G),151368,Axis Business Cycles Fund - Direct Plan - Growth,0.00737,1.51,33,True
43749,Kotak Banking & Financial Services Fund-Reg (G),151384,Kotak Banking & Financial Services Fund - Direct Plan - Growth,0.00392,2.36,33,True
43757,Mirae Asset Flexi Cap Fund - Regular (G),151412,Mirae Asset Flexi Cap Fund - Direct Plan - Growth,0.0037,2.07,33,True
43786,Bank of India Multi Cap Fund - Regular (G),151443,Bank of India Multi Cap Fund Direct Plan - Growth,0.00378,2.63,32,True
43808,HDFC MNC Fund - Regular (G),151458,HDFC MNC Fund - Growth Option - Direct Plan,0.00518,2.44,32,True
43826,SBI Dividend Yield Fund - Regular (G),119160,Tata Large Cap Fund -Direct Plan Growth Option,0.01002,1.1,32,False
43943,NJ ELSS Tax Saver Scheme - Regular (G),151611,NJ ELSS Tax Saver Scheme Direct Growth,0.00494,3.48,29,True
44049,Quant Dynamic Asset Allocation Fund-Regular (G),120843,quant Flexi Cap Fund - Growth Option-Direct Plan,0.01589,1.06,31,False
44072,ICICI Pru Innovation Fund - Regular (G),151580,ICICI Prudential Innovation Fund - Direct Plan - Growth,0.00598,2.05,31,True
44091,WhiteOak Capital Multi Asset Allocation-Reg (G),118825,Mirae Asset Large Cap Fund - Direct Plan - Growth,0.00767,1.01,30,False
44093,360 ONE FlexiCap Fund - Regular (G),151796,360 ONE FLEXICAP FUND-DIRECT PLAN- GROWTH,0.0052,2.16,29,True
44097,Quant Business Cycle Fund - Regular (G),151757,quant Business Cycle Fund - Growth Option - Direct Plan,0.01102,1.78,28,True
44101,Baroda BNP Paribas Value Fund - Regular (G),151755,Baroda BNP Paribas Value Fund - Direct Plan - Growth option,0.00327,3.04,29,True
44105,HDFC Defence Fund - Regular (G),151750,HDFC Defence Fund - Growth Option - Direct Plan,0.00409,10.8,29,True
44109,Samco Active Momentum Fund - Regular (G),150915,Mahindra Manulife Small Cap Fund - Direct Plan - Growth,0.02562,1.06,28,False
44132,ITI Focused Fund - Regular (G),151777,ITI Focused Fund - Direct Plan - Growth,0.00445,2.44,29,True
44136,Quant BFSI Fund - Regular (G),151791,quant BFSI Fund - Growth Option - Direct Plan,0.02187,1.16,27,True
44140,Edelweiss Multi Asset Allocation Fund - Reg (G),120728,UTI Infrastructure Fund-Growth Option- Direct,0.0156,1.02,29,False
44144,HDFC Non-Cyclical Consumer Fund - Regular (G),151804,HDFC Consumption Fund - Growth Option - Direct Plan,0.0063,1.76,28,False
44155,Bandhan Financial Services Fund - Regular (G),151816,BANDHAN FINANCIAL SERVICES FUND - DIRECT PLAN - GROWTH,0.00506,2.52,28,True
44159,Canara Robeco Multi Cap Fund - Regular (G),151824,Canara Robeco Multi Cap Fund - Direct Plan - Growth Option,0.00374,1.85,27,True
44171,Mirae Asset Multicap Fund - Regular (G),151810,Mirae Asset Multicap Fund - Direct Plan - Growth,0.00177,4.24,27,True
44195,Quant Healthcare Fund - Regular (G),151853,quant Healthcare Fund - Growth Option - Direct Plan,0.00898,2.1,27,True
44204,Kotak Quant Fund - Regular (G),151881,Kotak Quant Fund - Direct Plan - Growth Option,0.00329,4.72,27,True
44225,UTI-Balanced Advantage Fund - Regular (G),120656,UTI Large Cap Fund - Direct Plan - Growth Option,0.00559,1.0,27,False
44229,Bajaj Finserv Flexi Cap Fund - Regular (G),151895,Bajaj Finserv Flexi Cap Fund-Direct Plan-Growth,0.0048,2.27,27,True
44233,HDFC Transportation and Logistics Fund - Reg (G),151901,HDFC Transportation and Logistics Fund - Growth Option - Direct Plan,0.00498,2.5,27,True
44251,Quant Manufacturing Fund - Regular (G),151916,quant Manufacturing Fund - Growth Option - Direct Plan,0.01242,1.61,27,True
44255,Union Innovation & Opportunities Fund - Reg (G),151905,Union Innovation & Opportunities Fund - Direct Plan - Growth Option,0.00512,2.71,26,True
44259,Shriram Multi Asset Allocation Fund - Regular (G),144905,Shriram Flexi Cap Fund - Direct Growth,0.01355,1.11,26,False
44273,NJ Flexi Cap Fund - Regular (G),151917,NJ Flexi Cap Fund - Direct Plan - Growth Option,0.00892,1.82,26,True
44277,HSBC Consumption Fund - Regular (G),152032,HSBC Consumption Fund - Direct Growth,0.00629,2.63,27,True
44285,Nippon India Innovation Fund - Regular (G),152033,Nippon India Innovation Fund-Direct Plan-Growth Option,0.0038,3.31,27,True
44289,Kotak Multi Asset Allocation Fund - Regular (G),149185,Kotak Multicap Fund-Direct Plan-Growth,0.01048,1.02,26,False
44295,Mahindra Manulife Business Cycle Fund - Reg (G),152045,Mahindra Manulife Business Cycle Fund - Direct Plan - Growth,0.00277,4.55,26,True
44299,HDFC Technology Fund - Regular (G),152059,HDFC Technology Fund - Growth Option - Direct Plan,0.00453,1.69,26,True
44305,Quant Teck Fund - Regular (G),152067,quant Teck Fund - Growth Option - Direct Plan,0.01723,1.94,25,True
44309,WhiteOak Capital Multi Cap Fund - Regular (G),152071,WhiteOak Capital Multi Cap Fund Direct Plan Growth,0.00391,1.64,26,True
44311,360 ONE Balanced Hybrid Fund - Regular (G),151796,360 ONE FLEXICAP FUND-DIRECT PLAN- GROWTH,0.00558,2.2,26,True
44319,DSP Multi Asset Allocation Fund - Regular (G),119242,DSP ELSS Tax Saver Fund - Direct Plan - Growth,0.01032,1.01,26,False
44323,HDFC Pharma and Healthcare Fund - Regular (G),152082,HDFC Pharma and Healthcare Fund - Growth Option - Direct Plan,0.00336,2.45,25,True
44328,UTI-Innovation Fund - Regular (G),152087,UTI Innovation Fund - Direct Plan - Growth Option,0.00739,3.1,25,True
44334,Bandhan Retirement Fund - Regular (G),118424,BANDHAN Flexi Cap Fund-Direct Plan-Growth,0.0091,1.05,25,False
44348,Baroda BNP Paribas Small Cap Fund - Regular (G),152128,Baroda BNP Paribas Small Cap Fund - Direct Plan - Growth option,0.00553,2.67,25,True
44352,Edelweiss Multi Cap Fund - Regular (G),152094,Edelweiss Multi Cap Fund - Direct Plan - Growth,0.00173,4.42,25,True
44356,Quantum Small Cap Fund - Regular (G),152107,QUANTUM SMALL CAP FUND - DIRECT PLAN GROWTH OPTION,0.01244,1.29,24,True
44369,WhiteOak Capital Balanced Hybrid Fund - Regular (G),150346,WhiteOak Capital Flexi Cap Fund Direct Plan-Growth,0.00563,1.17,25,True
44375,Aditya Birla SL Transportation and Logistics Fund-Reg (G),152158,Aditya Birla Sun Life Transportation and Logistics Fund-Direct Growth,0.0031,3.9,24,True
44380,Helios Flexi Cap Fund - Regular (G),152135,Helios Flexi Cap Fund - Direct Plan - Growth Option,0.00451,2.23,24,True
44397,Kotak Consumption Fund - Regular (G),152169,Kotak Consumption Fund - Direct plan - Growth Option,0.00471,2.64,24,True
449,LIC MF ELSS Tax Saver - Regular (G),120270,LIC MF ELSS Tax Saver-Direct Plan-Growth,0.00514,2.45,151,True
4741,Aditya Birla SL Small Cap Fund (G),119556,Aditya Birla Sun Life Small Cap Fund - Growth - Direct Plan,0.00623,2.22,151,True
4818,Edelweiss Large & Mid Cap Fund (G),140175,Edelweiss Large & Mid Cap Fund - Direct Plan - Growth Option,0.00416,1.51,151,True
4920,SBI Infrastructure Fund (G),119700,SBI INFRASTRUCTURE FUND -  DIRECT PLAN - GROWTH,0.00501,2.66,151,True
4922,HDFC Mid Cap Fund - Regular (G),118989,HDFC Mid Cap Fund - Growth Option - Direct Plan,0.00415,2.55,151,True
4928,SBI ELSS Tax Saver Fund (G),119723,SBI ELSS Tax Saver FUND - DIRECT PLAN -GROWTH,0.00394,2.31,151,True
4929,DSP Small Cap Fund (G),119212,DSP Small Cap Fund - Direct Plan - Growth,0.00396,4.83,151,True
50,DSP Aggressive Hybrid Fund - Regular (G),119076,DSP Flexi Cap Fund - Direct Plan - Growth,0.0078,1.56,151,False
5120,Franklin India Focused Equity Fund (G),118564,Franklin India Focused Equity Fund - Direct - Growth,0.00526,1.68,151,True
5167,Nippon India Large Cap Fund (G),118632,Nippon India Large Cap Fund - Direct Plan Growth Plan - Growth Option,0.00253,1.0,151,True
52,Quant Small Cap Fund - (G),150915,Mahindra Manulife Small Cap Fund - Direct Plan - Growth,0.01889,1.07,108,True
5205,DSP Flexi Cap Fund (G),119076,DSP Flexi Cap Fund - Direct Plan - Growth,0.00323,3.39,151,True
5346,UTI-India Consumer Fund (G),120780,UTI India Consumer Fund - Direct Plan - Growth Option,0.00306,2.82,151,True
5350,Invesco India Large & Mid Cap Fund (G),120357,Invesco India Large & Mid Cap Fund - Direct Plan - Growth,0.00326,2.39,151,True
550,Aditya Birla SL Balanced Advantage Fund (G),150797,WhiteOak Capital Large Cap Fund Direct Plan Growth,0.008,1.07,151,False
5502,Quant Infrastructure Fund (G),120833,quant Infrastructure Fund - Growth Option-Direct Plan,0.01466,1.37,151,True
5512,Canara Robeco Equity Hybrid Fund (G),149295,Aditya Birla Sun Life Business Cycle Fund-Direct Growth,0.00826,1.01,151,False
5551,HSBC Infrastructure Fund (G),151040,HSBC Infrastructure Fund - Direct Growth,0.00213,7.7,150,True
556,LIC MF ULIS - Regular (IDCW),148751,Invesco India ESG Integration Strategy Fund - Direct Plan - Growth,0.01221,1.02,151,False
5563,Invesco India Balanced Advantage Fund (G),150187,BARODA BNP PARIBAS LARGE CAP Fund - Direct Plan - Growth Option,0.0094,1.02,151,False
561,Franklin India ELSS Tax Saver Fund - Regular (G),118540,Franklin India ELSS Tax Saver Fund - Direct - Growth,0.00289,2.44,151,True
5688,ICICI Pru Smallcap Fund (G),120591,ICICI Prudential Smallcap Fund - Direct Plan - Growth,0.01023,1.98,151,True
573,HDFC Value Fund - Regular (G),118935,HDFC Value Fund - Growth Option - Direct Plan,0.00258,3.48,151,True
598,HDFC Balanced Advantage Fund (G),151755,Baroda BNP Paribas Value Fund - Direct Plan - Growth option,0.01068,1.0,151,False
6039,Invesco India Infrastructure Fund (G),120405,Invesco India Infrastructure Fund - Direct Plan - Growth Option,0.00391,3.88,151,True
614,HDFC Large Cap Fund - Regular (G),119018,HDFC Large Cap Fund - Growth Option - Direct Plan,0.00246,3.13,151,True
616,Franklin India Conservative Hybrid Fund (G),118540,Franklin India ELSS Tax Saver Fund - Direct - Growth,0.00793,1.12,151,True
6203,Edelweiss Mid Cap Fund (G),140228,Edelweiss Mid Cap Fund - Direct Plan - Growth Option,0.00531,2.02,151,True
627,Sundaram Multi Cap Fund (G),149669,Sundaram Multi Cap Fund (Formerly Known as Principal Multi Cap Growth Fund)-Direct Plan - Growth Option,0.00225,4.07,151,True
629,Sundaram Aggressive Hybrid Fund - (G),150797,WhiteOak Capital Large Cap Fund Direct Plan Growth,0.00903,1.03,151,False
6343,Franklin Asian Equity Fund (G),150797,WhiteOak Capital Large Cap Fund Direct Plan Growth,0.0155,1.01,151,False
639,HDFC ELSS Tax Saver Fund (G),119060,HDFC ELSS Tax saver - Growth Option - Direct Plan,0.00311,3.05,151,True
6698,JM ELSS Tax Saver Fund (G),120494,JM ELSS Tax Saver Fund (Direct) - Growth Option,0.0051,2.35,151,True
67,Sundaram ELSS Tax Saver Fund - Regular (G),149570,Sundaram ELSS Tax Saver Fund Direct Plan Growth,0.0021,2.79,151,True
6746,Kotak Infrastructure & Economic Reform-SP (G),133801,Kotak Infrastructure & Economic Reform Fund- Direct Plan- Growth Option,0.00319,5.49,151,True
6767,Invesco India Multicap Fund (G),120413,Invesco India Multicap Fund - Direct Plan - Growth Option,0.00386,2.64,151,True
6769,HDFC Infrastructure Fund (G),118979,HDFC Infrastructure Fund - Growth Option - Direct Plan,0.0052,3.24,151,True
6815,Bandhan Value Fund (G),118481,Bandhan Value Fund - Direct Plan - Growth,0.00531,1.95,151,True
6818,JM Focused Fund (G),120488,JM Focused Fund (Direct)  - Growth Option,0.00643,1.76,151,True
682,UTI-Children's Hybrid Fund - (Scholarship),120715,UTI ELSS Tax Saver Fund - Direct Plan - Growth Option,0.00935,1.09,151,False
684,UTI-Retirement Fund - Regular,150187,BARODA BNP PARIBAS LARGE CAP Fund - Direct Plan - Growth Option,0.009,1.01,151,False
6876,LIC MF Infrastructure Fund (G),120351,LIC MF Infrastructure Fund-Direct Plan-Growth,0.00427,4.3,151,True
696,HDFC Children's Fund - Regular (G),151824,Canara Robeco Multi Cap Fund - Direct Plan - Growth Option,0.01063,1.02,151,False
6980,Aditya Birla SL Value Fund (G),119659,Aditya Birla Sun Life Value Fund - Growth - Direct Plan,0.00717,1.67,151,True
7000,Mirae Asset Large Cap Fund (G),118825,Mirae Asset Large Cap Fund - Direct Plan - Growth,0.00194,3.78,151,True
7002,HDFC Small Cap Fund (G),130503,HDFC Small Cap Fund - Growth Option - Direct Plan,0.00655,2.49,151,True
706,Quant Multi Cap Fund (G),120823,quant Multi Cap Fund-GROWTH OPTION-Direct Plan,0.01086,1.45,151,True
707,Quant Aggressive Hybrid Fund (G),150440,quant Large Cap Fund - Growth Option - Direct Plan,0.01583,1.22,151,False
708,Quant Multi Asset Allocation Fund (G),149335,Quant Value Fund - Growth Option  - Direct Plan,0.02053,1.35,74,False
7183,DSP Natural Resources & New Energy Fund (G),119028,DSP Natural Resources and New Energy Fund - Direct Plan - Growth,0.01089,2.31,151,True
7324,Aditya Birla SL ELSS Tax Saver Fund (G),119544,Aditya Birla Sun Life ELSS Tax Saver Fund - Growth - Direct Plan,0.00258,3.4,151,True
742,SBI Conservative Hybrid Fund - (G),151232,Tata Multicap Fund - Direct Plan - Growth,0.0121,1.03,151,False
747,Quant Mid Cap Fund (G),120841,quant Mid Cap Fund - Growth Option - Direct Plan,0.0189,1.03,146,True
76,Franklin India Aggressive Hybrid Fund (G),118540,Franklin India ELSS Tax Saver Fund - Direct - Growth,0.00613,1.38,151,True
7610,ICICI Pru Large Cap Fund (G),120586,ICICI Prudential Large Cap Fund (erstwhile Bluechip Fund) - Direct Plan - Growth,0.00294,2.44,151,True
77,Franklin India Large Cap Fund (G),118531,Franklin India Large Cap Fund- Direct - Growth,0.00369,1.9,151,True
770,Aditya Birla SL Large & Mid Cap Fund (G),119436,Aditya Birla Sun Life Large & Mid Cap Fund - Growth - Direct Plan,0.0036,2.44,151,True
7710,Sundaram Fin Serv Opportunities (G),119597,Sundaram Financial Services Opportunities Fund Direct Plan - Growth,0.00389,2.55,151,True
7815,Bandhan Equity Savings Fund - Regular (G),151165,360 ONE ELSS Tax Saver Nifty 50 Index Fund - Direct Plan - Growth,0.00923,1.03,151,False
7847,Nippon India Quant Fund (G),118769,Nippon India Quant Fund - Direct Plan Growth Plan - Growth Option,0.00524,1.0,151,True
785,ICICI Pru Children's Fund - Regular,150440,quant Large Cap Fund - Growth Option - Direct Plan,0.01501,1.0,151,False
7910,Invesco India Financial Services Fund (G),120385,Invesco India Financial Services Fund - Direct Plan - Growth,0.00377,3.23,151,True
822,SBI Magnum Children's Benefit Fund - Savings Plan (G),150584,WhiteOak Capital Mid Cap Fund Direct Plan Growth,0.02232,1.05,151,False
8278,ICICI Pru Banking & Financial Services (G),120244,ICICI Prudential Banking and Financial Services Fund - Direct Plan -  Growth,0.0048,2.43,151,True
8340,Quant Focused Fund (G),120834,quant Focused Fund - Growth Option-Direct Plan,0.01222,1.17,151,True
838,LIC MF Children's Fund,152018,LIC MF Value Fund-Direct Plan-Growth,0.01143,1.08,148,True
86,Franklin India Retirement Fund (G),118540,Franklin India ELSS Tax Saver Fund - Direct - Growth,0.00746,1.2,151,True
8633,JM Flexicap Fund (G),120492,JM Flexicap Fund (Direct) - Growth Option,0.01098,1.22,151,True
89,Franklin India Mid Cap Fund (G),118533,Franklin India Mid Cap Fund - Direct - Growth,0.00374,2.5,151,True
8970,Quant Flexi Cap Fund (G),120843,quant Flexi Cap Fund - Growth Option-Direct Plan,0.01249,1.31,151,True
9,Aditya Birla SL Flexi Cap Fund (G),120564,Aditya Birla Sun Life Flexi Cap Fund - Growth - Direct Plan,0.0038,2.14,151,True
90,Franklin India Flexi Cap Fund - (G),118535,Franklin India Flexi Cap Fund - Direct - Growth,0.00294,2.3,151,True
9072,Bank of India Large & Mid Cap Fund - Reg (G),119350,BANK OF INDIA Large & Mid Cap Fund Direct Plan-Growth,0.00464,2.22,151,True
9803,UTI-Multi Asset Allocation Fund (G),120751,UTI Value Fund - Direct Plan - Growth Option,0.01221,1.01,151,False
99,LIC MF Flexi Cap Fund - (G),120264,LIC MF Flexi Cap Fund-Direct Plan-Growth,0.00379,3.37,151,True
